{"List":
[
{"Question": "Question 1", "Options": ["Ans 1", "Ans2"], "Answer": 0 },
{"Question": "Question 2", "Options": ["Ans 1", "Ans2"], "Answer": 1 },
{"Question": "Question 3", "Options": ["Ans 1", "Ans2"], "Answer": 0 },
{"Question": "Question 4", "Options": ["Ans 1", "Ans2"], "Answer": 1 },
{"Question": "Question 5", "Options": ["Ans 1", "Ans2"], "Answer": 0 },
{"Question": "Question 6", "Options": ["Ans 1", "Ans2"], "Answer": 1 },
{"Question": "Question 7", "Options": ["Ans 1", "Ans2"], "Answer": 0 }
]
}